Station Display Name,EVSE Latitude and Longitude,Port 1: Voltage (V),Port 1: Current (A),Port 1: Connector Type,Port 2: Voltage (V),Port 2: Current (A),Port 2: Connector Type,Org Name,Address  1,Address  2,Floor Label,City,State,Postal Code,County,Country,No. of Ports,Reservation,Customer Category,Customer Subcategory
120 ENTRANCE / ACH MAIN,"(30.235856, -97.741577)",240V,30A,J1772,240V,30A,J1772,Austin City Hotel,2200 S. Interstate 35,,,Austin,Texas,78704,Travis County,United States,2,Disabled,Hospitality,Hotel / Resort
7700 PARMER / 7700 PARMER,"(30.460477, -97.750024)",240V,30A,J1772,240V,30A,J1772,7700 Parmer,7700 W Parmer Ln,,,Austin,Texas,78729,Williamson County,United States,2,Disabled,Workplace,General
AISD PAC / AISD PAC #1,"(30.305454, -97.702666)",240V,30A,J1772,240V,30A,J1772,Austin Independent School District,Mueller Blvd,,,Austin,Texas,78723,Travis County,United States,2,Disabled,Education,High School / Other
AISD PAC / AISD PAC #2,"(30.30538, -97.702537)",240V,30A,J1772,240V,30A,J1772,Austin Independent School District,1301-1603 E 51st St,,,Austin,Texas,78723,Travis County,United States,2,Disabled,Education,High School / Other
AISD PAC / AISD PAC #3,"(30.305343, -97.702408)",240V,30A,J1772,240V,30A,J1772,Austin Independent School District,1301-1603 E 51st St,,,Austin,Texas,78723,Travis County,United States,2,Disabled,Education,High School / Other
AISD PAC / AISD PAC #4,"(30.305269, -97.702269)",240V,30A,J1772,240V,30A,J1772,Austin Independent School District,1301-1603 E 51st St,,,Austin,Texas,78723,Travis County,United States,2,Disabled,Education,High School / Other
AISD PAC / AISD PAC #5,"(30.305204, -97.702108)",240V,30A,J1772,240V,30A,J1772,Austin Independent School District,1301-1603 E 51st St,,,Austin,Texas,78723,Travis County,United States,2,Disabled,Education,High School / Other
AMBEROAKS-AE / AMBER 1,"(30.470002, -97.766435)",240V,30A,J1772,240V,30A,J1772,Camden Amber Oaks,9001 Amberglen Blvd,,,Austin,Texas,78729,Williamson County,United States,2,Disabled,Multifamily,Apartment
AMD GO GREEN / P100 FL4 OUTER,"(30.251635, -97.863914)",120V,16A,NEMA 5-20R,240V,30A,J1772,AMD ,7171 Southwest Pkwy,,,Austin,Texas,78735,Travis County,United States,2,Disabled,Workplace,High-Tech
AMD GO GREEN / P100 FLOOR 5,"(30.251499, -97.863984)",240V,30A,J1772,240V,30A,J1772,AMD ,7171 Southwest Pkwy,,,Austin,Texas,78735,Travis County,United States,2,Disabled,Workplace,High-Tech
ARBORETUM / N CAPITAL TX 1,"(30.390246, -97.74825)",120V,16A,NEMA 5-20R,240V,30A,J1772,OTR & Ohio General Partnership,9442 N Capital of Texas Hwy,,,Austin,Texas,78759,Travis County,United States,2,Disabled,Retail,General
AUSTIN / 400 - 1,"(30.265028, -97.748448)",240V,30A,J1772,240V,30A,J1772,Silicon Laboratories,400 W Cesar Chavez St,,G - 8,Austin,Texas,78701,Travis County,United States,2,Disabled,Workplace,High-Tech
AUSTIN / 400 - 2,"(30.265052, -97.74844)",240V,30A,J1772,240V,30A,J1772,Silicon Laboratories,400 W Cesar Chavez St,,G - 8,Austin,Texas,78701,Travis County,United States,2,Disabled,Workplace,High-Tech
AUSTIN / 400 - 3,"(30.26505, -97.74849)",240V,30A,J1772,240V,30A,J1772,Silicon Laboratories,400 W Cesar Chavez St,,G - 8,Austin,Texas,78701,Travis County,United States,2,Disabled,Workplace,High-Tech
AUSTIN / AUSTIN 200 1,"(30.264423, -97.746071)",240V,30A,J1772,240V,30A,J1772,Silicon Laboratories,200 W Cesar Chavez St,,G8,Austin,Texas,78701,Travis County,United States,2,Disabled,Workplace,High-Tech
AUSTIN / AUSTIN 200 2,"(30.26445, -97.746142)",240V,30A,J1772,240V,30A,J1772,Silicon Laboratories,200 W Cesar Chavez St,,G8,Austin,Texas,78701,Travis County,United States,2,Disabled,Workplace,High-Tech
AUSTIN / AUSTIN 200 3,"(30.264505, -97.746067)",240V,30A,J1772,240V,30A,J1772,Silicon Laboratories,200 W Cesar Chavez St,,G8,Austin,Texas,78701,Travis County,United States,2,Disabled,Workplace,High-Tech
AVIATION / DOA - CONRAC1,"(30.204711, -97.666322)",240V,30A,J1772,240V,30A,J1772,City of Austin Dept. of Aviation,3819 Presidential Blvd,,1,Austin,Texas,78719,Travis County,United States,2,Disabled,Parking,Commercial
AVIATION / DOA - CONRAC2,"(30.204655, -97.666451)",240V,30A,J1772,240V,30A,J1772,City of Austin Dept. of Aviation,3819 Presidential Blvd,,1,Austin,Texas,78719,Travis County,United States,2,Disabled,Parking,Commercial
AVIATION / LOT J NW,"(30.207439, -97.661026)",240V,30A,J1772,240V,30A,J1772,City of Austin Dept. of Aviation,10137 Hotel Dr,,,Austin,Texas,78719,Travis County,United States,2,Disabled,Municipal,Municipal Parking
AVIATION / LOT J SW,"(30.207559, -97.661039)",240V,30A,J1772,240V,30A,J1772,City of Austin Dept. of Aviation,10137 Hotel Dr,,,Austin,Texas,78719,Travis County,United States,2,Disabled,Municipal,Municipal Parking
AXO GROUP LLC / AUSTIN CHARGE,"(30.266047, -97.733139)",240V,30A,J1772,240V,30A,J1772,AXO Group LLC,601-699 Brushy St,,,Austin,Texas,78702,Travis County,United States,2,Disabled,Workplace,General
B-AUSTIN / STATION 1,"(30.206406, -97.807047)",240V,30A,J1772,240V,30A,J1772,Samdorosa Communities,6700 Manchaca Rd,,,Austin,Texas,78745,Travis County,United States,2,Disabled,Multifamily,Apartment
BRANDYWINE AUST / CAPITAL ST 1,"(30.280123, -97.824008)",240V,30A,J1772,240V,30A,J1772,Brandywine Properties I Limited Inc.,1250 S Capital of Texas Hwy,,,Austin,Texas,78746,Travis County,United States,2,Disabled,Workplace,General
BRANDYWINE AUST / CAPITAL ST 2,"(30.280357, -97.824244)",240V,30A,J1772,240V,30A,J1772,Brandywine Properties I Limited Inc.,1250 S Capital of Texas Hwy,,,Austin,Texas,78746,Travis County,United States,2,Disabled,Workplace,General
BRANDYWINE AUST / ENCINO GARAGE,"(30.243787, -97.843763)",240V,30A,J1772,240V,30A,J1772,Brandywine Properties I Limited Inc.,5707 Southwest Pkwy,,,Austin,Texas,78735,Travis County,United States,2,Disabled,Workplace,General
BRANDYWINE AUST / GARAGE P1-L2-G,"(30.244181, -97.806692)",240V,30A,J1772,240V,30A,J1772,Brandywine Properties I Limited Inc.,3711 S MoPac Expy,,2,Austin,Texas,78746,Travis County,United States,2,Disabled,Workplace,High-Tech
BRANDYWINE AUST / GARAGE P2-L2-GW,"(30.24609, -97.8046)",240V,30A,J1772,240V,30A,J1772,Brandywine Properties I Limited Inc.,3711 S MoPac Expy,P2,2,Austin,Texas,78735,Travis County,United States,2,Disabled,Workplace,High-Tech
BRANDYWINE AUST / SOUTHWEST ST1,"(30.244005, -97.845965)",240V,30A,J1772,240V,30A,J1772,Brandywine Properties I Limited Inc.,5707 Southwest Pkwy,,,Austin,Texas,78735,Travis County,United States,2,Disabled,Workplace,General
BRANDYWINE AUST / SOUTHWEST ST2,"(30.243945, -97.845952)",240V,30A,J1772,--,--,--,Brandywine Properties I Limited Inc.,5707 Southwest Pkwy,,,Austin,Texas,78735,Travis County,United States,1,Disabled,Workplace,General
CATHERINE / CATHERINE 1,"(30.259096, -97.747775)",240V,30A,J1772,240V,30A,J1772,The Catherine,300 Barton Springs Rd,,3rd,Austin,Texas,78704,Travis County,United States,2,Disabled,Multifamily,Apartment
CATHERINE / CATHERINE 2,"(30.259099, -97.747754)",240V,30A,J1772,240V,30A,J1772,The Catherine,300 Barton Springs Rd,,3,Austin,Texas,78704,Travis County,United States,2,Disabled,Multifamily,Apartment
CEDARHILLS-AE / CEDARHILL 1,"(30.189638, -97.856428)",240V,30A,J1772,240V,30A,J1772,Camden Cedar Hills,4100 W Slaughter Ln,,,Austin,Texas,78749,Travis County,United States,2,Disabled,Multifamily,Apartment
CHAMPION OFFICE / EV #1,"(30.363141, -97.793613)",240V,30A,J1772,240V,30A,J1772,Champion Office Park,6433 Champion Grandview Way,,1,Austin,Texas,78750,Travis County,United States,2,Disabled,Workplace,Commercial
CHAMPION OFFICE / EV #2,"(30.3632, -97.793703)",240V,30A,J1772,240V,30A,J1772,Champion Office Park,6433 Champion Grandview Way,,1,Austin,Texas,78750,Travis County,United States,2,Disabled,Workplace,Commercial
CHEVY MAIN / AUTONATION MAIN,"(30.409556, -97.745947)",240V,30A,J1772,240V,30A,J1772,AutoNation Chevrolet,11400 Research Blvd,,,Austin,Texas,78759,Travis County,United States,2,Disabled,Retail,Auto Dealership
CLAY COOLEY / QUICK CHARGER 1,"(30.206127, -97.758965)",500V,100A,CHAdeMO,--,--,--,Clay Cooley Nissan of Austin,4914 S IH 35 Frontage Rd,,,Austin,Texas,78745,Travis County,United States,1,Disabled,Retail,Auto Dealership
COA FACILITIES / ANIMAL SERVICE1,"(30.251505, -97.688644)",120V,16A,NEMA 5-20R,240V,30A,J1772,AUSTIN ENERGY,7201 Levander Loop,,,Austin,Texas,78702,Travis County,United States,2,Disabled,Municipal,Municipal Parking
COA FACILITIES / ANIMAL SERVICE2,"(30.251463, -97.688644)",120V,16A,NEMA 5-20R,240V,30A,J1772,AUSTIN ENERGY,7201 Levander Loop,,,Austin,Texas,78702,Travis County,United States,2,Disabled,Municipal,Municipal Parking
COA FACILITIES / CITY HALL STAT1,"(30.264847, -97.746872)",120V,16A,NEMA 5-20R,240V,30A,J1772,AUSTIN ENERGY,301 W 2nd St,,,Austin,Texas,78701,Travis County,United States,2,Disabled,Municipal,Municipal Parking
COA FACILITIES / CITY HALL STAT2,"(30.264807, -97.746864)",120V,16A,NEMA 5-20R,240V,30A,J1772,AUSTIN ENERGY,301 W 2nd St,,,Austin,Texas,78701,Travis County,United States,2,Disabled,Municipal,Municipal Parking
COA FACILITIES / CONVENTION CTR1,"(30.26372, -97.742371)",120V,16A,NEMA 5-20R,240V,30A,J1772,AUSTIN ENERGY,201 E 2nd St,,,Austin,Texas,78701,Travis County,United States,2,Disabled,Municipal,Municipal Parking
COA FACILITIES / CONVENTION CTR2,"(30.2637, -97.742294)",120V,16A,NEMA 5-20R,240V,30A,J1772,AUSTIN ENERGY,201 E 2nd St,,,Austin,Texas,78701,Travis County,United States,2,Disabled,Municipal,Municipal Parking
COA FACILITIES / CONVENTION CTR3,"(30.263708, -97.742325)",120V,16A,NEMA 5-20R,240V,30A,J1772,AUSTIN ENERGY,201 E 2nd St,,,Austin,Texas,78701,Travis County,United States,2,Disabled,Municipal,Municipal Parking
COA FACILITIES / CTECC EVSE1,"(30.29914, -97.692227)",240V,30A,J1772,240V,30A,J1772,AUSTIN ENERGY,5010 Old Manor Rd,,,Austin,Texas,78723,Travis County,United States,2,Disabled,Municipal,Municipal Workplace
COA FACILITIES / CTECC EVSE2,"(30.299223, -97.692164)",240V,30A,J1772,240V,30A,J1772,AUSTIN ENERGY,5010 Old Manor Rd,,,Austin,Texas,78723,Travis County,United States,2,Disabled,Municipal,Municipal Workplace
COA FACILITIES / HAMPTONLIBRARY1,"(30.218, -97.854866)",120V,16A,NEMA 5-20R,240V,30A,J1772,AUSTIN ENERGY,5125 Convict Hill Rd,,,Austin,Texas,78749,Travis County,United States,2,Disabled,Municipal,Municipal Parking
COA FACILITIES / HAMPTONLIBRARY2,"(30.217978, -97.854843)",120V,16A,NEMA 5-20R,240V,30A,J1772,AUSTIN ENERGY,5125 Convict Hill Rd,,,Austin,Texas,78749,Travis County,United States,2,Disabled,Municipal,Municipal Parking
COA FACILITIES / HOWSONBRCHLIBR1,"(30.298466, -97.767868)",120V,16A,NEMA 5-20R,240V,30A,J1772,AUSTIN ENERGY,2500 Exposition Blvd,,,Austin,Texas,78703,Travis County,United States,2,Disabled,Municipal,Municipal Parking
COA FACILITIES / HOWSONBRCHLIBR2,"(30.29847, -97.767883)",120V,16A,NEMA 5-20R,240V,30A,J1772,AUSTIN ENERGY,2500 Exposition Blvd,,,Austin,Texas,78703,Travis County,United States,2,Disabled,Municipal,Municipal Parking
COA FACILITIES / KRAMER 01,"(30.394697, -97.716885)",120V,16A,NEMA 5-20R,240V,30A,J1772,AUSTIN ENERGY,2526 Kramer Ln,,,Austin,Texas,78758,Travis County,United States,2,Disabled,Municipal,Municipal Fleet
COA FACILITIES / MACC STATION 1,"(30.258428, -97.739549)",120V,16A,NEMA 5-20R,240V,30A,J1772,AUSTIN ENERGY,68 Rainey St,,,Austin,Texas,78701,Travis County,United States,2,Disabled,Municipal,Municipal Parking
COA FACILITIES / MACC STATION 2,"(30.258439, -97.739541)",120V,16A,NEMA 5-20R,240V,30A,J1772,AUSTIN ENERGY,68 Rainey St,,,Austin,Texas,78701,Travis County,United States,2,Disabled,Municipal,Municipal Parking
COA FACILITIES / MILWOOD LIB 1,"(30.422258, -97.716354)",120V,16A,NEMA 5-20R,240V,30A,J1772,AUSTIN ENERGY,12500 Amherst Dr,,,Austin,Texas,78727,Travis County,United States,2,Disabled,Municipal,Municipal Parking
COA FACILITIES / MILWOOD LIB 2,"(30.422272, -97.71637)",120V,16A,NEMA 5-20R,240V,30A,J1772,AUSTIN ENERGY,12500 Amherst Dr,,,Austin,Texas,78727,Travis County,United States,2,Disabled,Municipal,Municipal Parking
COA FACILITIES / NWRECCENTER 1,"(30.334032, -97.751503)",120V,16A,NEMA 5-20R,240V,30A,J1772,AUSTIN ENERGY,2913 Northland Dr,,,Austin,Texas,78731,Travis County,United States,2,Disabled,Municipal,Municipal Parking
COA FACILITIES / NWRECCENTER 2,"(30.334009000000002, -97.751455)",120V,16A,NEMA 5-20R,240V,30A,J1772,AUSTIN ENERGY,Marilyn Dr,,,Austin,Texas,78757,Travis County,United States,2,Disabled,Municipal,Municipal Parking
COA FACILITIES / NWRECCENTER 3,"(30.334024, -97.75148)",120V,16A,NEMA 5-20R,240V,30A,J1772,AUSTIN ENERGY,2913 Northland Dr,,,Austin,Texas,78731,Travis County,United States,2,Disabled,Municipal,Municipal Parking
COA FACILITIES / NWRECCENTER 4,"(30.334006, -97.751429)",120V,16A,NEMA 5-20R,240V,30A,J1772,AUSTIN ENERGY,Marilyn Dr,,,Austin,Texas,78757,Travis County,United States,2,Disabled,Municipal,Municipal Parking
COA FACILITIES / OTC 3FL PKGSTA1,"(30.25704, -97.749207)",120V,16A,NEMA 5-20R,240V,30A,J1772,AUSTIN ENERGY,505 Barton Springs Rd,,,Austin,Texas,78704,Travis County,United States,2,Disabled,Municipal,Municipal Parking
COA FACILITIES / OTC 3FL PKGSTA2,"(30.257099, -97.749138)",120V,16A,NEMA 5-20R,240V,30A,J1772,AUSTIN ENERGY,505 Barton Springs Rd,,,Austin,Texas,78704,Travis County,United States,2,Disabled,Municipal,Municipal Parking
COA FACILITIES / OTC 3FL PKGSTA3,"(30.257202, -97.749107)",120V,16A,NEMA 5-20R,240V,30A,J1772,AUSTIN ENERGY,505 Barton Springs Rd,,,Austin,Texas,78704,Travis County,United States,2,Disabled,Municipal,Municipal Parking
COA FACILITIES / PALMER STATION1,"(30.259241, -97.751763)",120V,16A,NEMA 5-20R,240V,30A,J1772,AUSTIN ENERGY,736-820 Barton Springs Rd,,,Austin,Texas,78704,Travis County,United States,2,Disabled,Municipal,Municipal Parking
COA FACILITIES / PALMER STATION2,"(30.259294, -97.751762)",120V,16A,NEMA 5-20R,240V,30A,J1772,AUSTIN ENERGY,736-820 Barton Springs Rd,,,Austin,Texas,78704,Travis County,United States,2,Disabled,Municipal,Municipal Parking
COA FACILITIES / PALMER STATION3,"(30.259266, -97.751841)",120V,16A,NEMA 5-20R,240V,30A,J1772,AUSTIN ENERGY,736-820 Barton Springs Rd,,,Austin,Texas,78704,Travis County,United States,2,Disabled,Municipal,Municipal Parking
COA FACILITIES / PUBDITTMAR1,"(30.185047, -97.801982)",120V,16A,NEMA 5-20R,240V,30A,J1772,AUSTIN ENERGY,1009 W Dittmar Rd,,,Austin,Texas,78745,Travis County,United States,2,Disabled,Parks and Recreation,Municipal Parking
COA FACILITIES / PUBDITTMAR2,"(30.185047, -97.801928)",120V,16A,NEMA 5-20R,240V,30A,J1772,AUSTIN ENERGY,1009 W Dittmar Rd,,,Austin,Texas,78745,Travis County,United States,2,Disabled,Parks and Recreation,Municipal Parking
COA FACILITIES / ROSEWOOD PARK 2,"(30.271724, -97.713954)",120V,16A,NEMA 5-20R,240V,30A,J1772,AUSTIN ENERGY,1182 N Pleasant Valley Rd,,,Austin,Texas,78702,Travis County,United States,2,Disabled,Parks and Recreation,Municipal Parking
COA FACILITIES / ROSEWOODPARK1,"(30.271822, -97.713966)",120V,16A,NEMA 5-20R,240V,30A,J1772,AUSTIN ENERGY,1182 N Pleasant Valley Rd,,,Austin,Texas,78702,Travis County,United States,2,Disabled,Parks and Recreation,Municipal Parking
COA FACILITIES / RUTHERFORDCAMP1,"(30.336962, -97.680801)",120V,16A,NEMA 5-20R,240V,30A,J1772,AUSTIN ENERGY,1520 Rutherford Ln,,,Austin,Texas,78754,Travis County,United States,2,Disabled,Municipal,Municipal Parking
COA FACILITIES / RUTHERFORDCAMP2,"(30.336996, -97.680779)",120V,16A,NEMA 5-20R,240V,30A,J1772,AUSTIN ENERGY,1520 Rutherford Ln,,,Austin,Texas,78754,Travis County,United States,2,Disabled,Municipal,Municipal Parking
COA FACILITIES / RUTHERFORDCAMP3,"(30.337023, -97.680756)",120V,16A,NEMA 5-20R,240V,30A,J1772,AUSTIN ENERGY,1520 Rutherford Ln,,,Austin,Texas,78754,Travis County,United States,2,Disabled,Municipal,Municipal Parking
COA FACILITIES / TECHNICENTER1,"(30.27771, -97.665237)",120V,16A,NEMA 5-20R,240V,30A,J1772,AUSTIN ENERGY,4201 Ed Bluestein Blvd,,,Austin,Texas,78725,Travis County,United States,2,Disabled,Municipal,Municipal Parking
COA FACILITIES / TECHNICENTER2,"(30.277599, -97.665176)",120V,16A,NEMA 5-20R,240V,30A,J1772,AUSTIN ENERGY,4201 Ed Bluestein Blvd,,,Austin,Texas,78725,Travis County,United States,2,Disabled,Municipal,Municipal Parking
COA FACILITIES / TECHNICENTER3,"(30.277645, -97.665192)",120V,16A,NEMA 5-20R,240V,30A,J1772,AUSTIN ENERGY,4201 Ed Bluestein Blvd,,,Austin,Texas,78725,Travis County,United States,2,Disabled,Municipal,Municipal Parking
COA FACILITIES / TLC  STATION 1,"(30.258434, -97.752075)",120V,16A,NEMA 5-20R,240V,30A,J1772,AUSTIN ENERGY,721 Barton Springs Rd,,,Austin,Texas,78704,Travis County,United States,2,Disabled,Municipal,Municipal Workplace
COA FACILITIES / TLC STATI0N 2,"(30.258398, -97.751999)",120V,16A,NEMA 5-20R,240V,30A,J1772,AUSTIN ENERGY,721 Barton Springs Rd,,,Austin,Texas,78704,Travis County,United States,2,Disabled,Municipal,Municipal Workplace
COA FACILITIES / WALNUTCREEKPRK1,"(30.398497, -97.679832)",120V,16A,NEMA 5-20R,240V,30A,J1772,AUSTIN ENERGY,12138 N Lamar Blvd,,,Austin,Texas,78753,Travis County,United States,2,Disabled,Parks and Recreation,Municipal Parking
COA FACILITIES / WALNUTCREEKPRK2,"(30.398552, -97.679832)",120V,16A,NEMA 5-20R,240V,30A,J1772,AUSTIN ENERGY,12138 N Lamar Blvd,,,Austin,Texas,78753,Travis County,United States,2,Disabled,Parks and Recreation,Municipal Parking
COA FACILITIES / ZILKER PARK PH1,"(30.264322, -97.770737)",120V,16A,NEMA 5-20R,240V,30A,J1772,AUSTIN ENERGY,2100 Barton Spring Rd,,,Austin,Texas,78704,Travis County,United States,2,Disabled,Parks and Recreation,Municipal Parking
COA FACILITIES / ZILKER PARK PH2,"(30.264336, -97.770645)",120V,16A,NEMA 5-20R,240V,30A,J1772,AUSTIN ENERGY,2100 Barton Spring RD,,,Austin,Texas,78704,Travis County,United States,2,Disabled,Parks and Recreation,Municipal Parking
COA FACILITIES / ZILKERPARKPOLO1,"(30.266584, -97.774925)",120V,16A,NEMA 5-20R,240V,30A,J1772,AUSTIN ENERGY,2310 Andrew Zilker Rd,,,Austin,Texas,78746,Travis County,United States,2,Disabled,Parks and Recreation,Municipal Parking
COA FACILITIES / ZILKERPARKPOLO2,"(30.266611, -97.774918)",120V,16A,NEMA 5-20R,240V,30A,J1772,AUSTIN ENERGY,2310 Andrew Zilker Rd,,,Austin,Texas,78746,Travis County,United States,2,Disabled,Parks and Recreation,Municipal Parking
COA FLEET - PIE / BARTON #1,"(30.258631, -97.74855)",120V,16A,NEMA 5-20R,240V,30A,J1772,US City of Austin Texas,401-599 Barton Springs Rd,,,Austin,Texas,78704,Travis County,United States,2,Disabled,Municipal,Municipal Fleet
COA FLEET - PIE / BARTON #2,"(30.258635, -97.748543)",120V,16A,NEMA 5-20R,240V,30A,J1772,US City of Austin Texas,400-598 Barton Springs Rd,,,Austin,Texas,78704,Travis County,United States,2,Disabled,Municipal,Municipal Fleet
COA FLEET - PIE / BARTON #3,"(30.258631, -97.748566)",120V,16A,NEMA 5-20R,240V,30A,J1772,US City of Austin Texas,401-599 Barton Springs Rd,,,Austin,Texas,78704,Travis County,United States,2,Disabled,Municipal,Municipal Fleet
COA FLEET - PIE / BARTON #4,"(30.258627, -97.748573)",120V,16A,NEMA 5-20R,240V,30A,J1772,US City of Austin Texas,401-599 Barton Springs Rd,,,Austin,Texas,78704,Travis County,United States,2,Disabled,Municipal,Municipal Fleet
COA FLEET - PIE / ED BLUE #1,"(30.277622, -97.666313)",120V,16A,NEMA 5-20R,240V,30A,J1772,US City of Austin Texas,4201 Ed Bluestein Blvd,,,Austin,Texas,78725,Travis County,United States,2,Disabled,Municipal,Municipal Fleet
COA FLEET - PIE / ED BLUE #3,"(30.277632, -97.666283)",120V,16A,NEMA 5-20R,240V,30A,J1772,US City of Austin Texas,4201 Ed Bluestein Blvd,,,Austin,Texas,78725,Travis County,United States,2,Disabled,Municipal,Municipal Fleet
COA FLEET - PIE / FLOOR 4 ADA,"(30.269745, -97.734467)",120V,16A,NEMA 5-20R,240V,30A,J1772,US City of Austin Texas,625 E 10th St,,,Austin,Texas,78701,Travis County,United States,2,Disabled,Municipal,Municipal Fleet
COA FLEET - PIE / FLOOR4,"(30.269112, -97.734062)",120V,16A,NEMA 5-20R,240V,30A,J1772,US City of Austin Texas,900 N Interstate 35,,,Austin,Texas,78701,Travis County,United States,2,Disabled,Municipal,Municipal Fleet
COA FLEET - PIE / MEINARD #1,"(30.211361, -97.752083)",120V,16A,NEMA 5-20R,240V,30A,J1772,US City of Austin Texas,4393-4799 Meinardus Dr,,,Austin,Texas,78744,Travis County,United States,2,Disabled,Municipal,Municipal Fleet
COA FLEET - PIE / MEINARD #2,"(30.211357, -97.752083)",120V,16A,NEMA 5-20R,240V,30A,J1772,US City of Austin Texas,4393-4799 Meinardus Dr,,,Austin,Texas,78744,Travis County,United States,2,Disabled,Municipal,Municipal Fleet
COA FLEET - PIE / ROOF 1,"(30.268921, -97.734787)",120V,16A,NEMA 5-20R,240V,30A,J1772,US City of Austin Texas,700-798 E 9th St,,,Austin,Texas,78701,Travis County,United States,2,Disabled,Municipal,Municipal Fleet
COA FLEET - PIE / ROOF2,"(30.268908, -97.734749)",120V,16A,NEMA 5-20R,240V,30A,J1772,US City of Austin Texas,700-798 E 9th St,,,Austin,Texas,78701,Travis County,United States,2,Disabled,Municipal,Municipal Fleet
COA FLEET - PIE / ROOF3,"(30.268894, -97.734703)",120V,16A,NEMA 5-20R,240V,30A,J1772,US City of Austin Texas,700-798 E 9th St,,,Austin,Texas,78701,Travis County,United States,2,Disabled,Municipal,Municipal Fleet
COA FLEET - PIE / ROOF4,"(30.268885, -97.734673)",120V,16A,NEMA 5-20R,240V,30A,J1772,US City of Austin Texas,700-798 E 9th St,,,Austin,Texas,78701,Travis County,United States,2,Disabled,Municipal,Municipal Fleet
COA FLEET - PIE / ROOF5,"(30.268883, -97.734665)",120V,16A,NEMA 5-20R,240V,30A,J1772,US City of Austin Texas,700-798 E 9th St,,,Austin,Texas,78701,Travis County,United States,2,Disabled,Municipal,Municipal Fleet
COA FLEET - PIE / ROOF6,"(30.268866, -97.734612)",120V,16A,NEMA 5-20R,240V,30A,J1772,US City of Austin Texas,700-798 E 9th St,,,Austin,Texas,78701,Travis County,United States,2,Disabled,Municipal,Municipal Fleet
COA FLEET - PIE / RUTHERFORD #1,"(30.335861, -97.679398)",120V,16A,NEMA 5-20R,240V,30A,J1772,US City of Austin Texas,1520 Rutherford Ln,,,Austin,Texas,78754,Travis County,United States,2,Disabled,Municipal,Municipal Fleet
COA FLEET - PIE / RUTHERFORD #2,"(30.335873, -97.679359)",120V,16A,NEMA 5-20R,240V,30A,J1772,US City of Austin Texas,1520 Rutherford Ln,,,Austin,Texas,78754,Travis County,United States,2,Disabled,Municipal,Municipal Fleet
COA FLEET - PIE / RUTHERFORD #3,"(30.335857, -97.679413)",120V,16A,NEMA 5-20R,240V,30A,J1772,US City of Austin Texas,1520 Rutherford Ln,,,Austin,Texas,78754,Travis County,United States,2,Disabled,Municipal,Municipal Fleet
COA FLEET - PIE / RUTHERFORD #4,"(30.335852, -97.679428)",120V,16A,NEMA 5-20R,240V,30A,J1772,US City of Austin Texas,1520 Rutherford Ln,,,Austin,Texas,78754,Travis County,United States,2,Disabled,Municipal,Municipal Fleet
COA FLEET - PIE / RUTHERFORD #5,"(30.335863, -97.679329)",120V,16A,NEMA 5-20R,240V,30A,J1772,US City of Austin Texas,1520 Rutherford Ln,,,Austin,Texas,78754,Travis County,United States,2,Disabled,Municipal,Municipal Fleet
COA FLEET - PIE / RUTHERFORD #6,"(30.335842, -97.679443)",120V,16A,NEMA 5-20R,240V,30A,J1772,US City of Austin Texas,1520 Rutherford Ln,,,Austin,Texas,78754,Travis County,United States,2,Disabled,Municipal,Municipal Fleet
COA FLEET - PIE / RUTHERFORD #7,"(30.335838, -97.679451)",120V,16A,NEMA 5-20R,240V,30A,J1772,US City of Austin Texas,1520 Rutherford Ln,,,Austin,Texas,78754,Travis County,United States,2,Disabled,Municipal,Municipal Fleet
COA FLEET - PIE / RUTHERFORD #8,"(30.335829, -97.679459)",120V,16A,NEMA 5-20R,240V,30A,J1772,US City of Austin Texas,1520 Rutherford Ln,,,Austin,Texas,78754,Travis County,United States,2,Disabled,Municipal,Municipal Fleet
COA FLEET - PIE / RUTHERFORD #9,"(30.335875, -97.679382)",120V,16A,NEMA 5-20R,240V,30A,J1772,US City of Austin Texas,1520 Rutherford Ln,,,Austin,Texas,78754,Travis County,United States,2,Disabled,Municipal,Municipal Fleet
COA FLEET - PIE / SPRING #1,"(30.259113, -97.699699)",120V,16A,NEMA 5-20R,240V,30A,J1772,US City of Austin Texas,800-816 Springdale Rd,,,Austin,Texas,78702,Travis County,United States,2,Disabled,Municipal,Municipal Fleet
COA FLEET - PIE / SPRING #2,"(30.259312, -97.699577)",120V,16A,NEMA 5-20R,240V,30A,J1772,US City of Austin Texas,800-816 Springdale Rd,,,Austin,Texas,78702,Travis County,United States,2,Disabled,Municipal,Municipal Fleet
COA FLEET - PIE / TOOMEY #1,"(30.263723, -97.759262)",120V,16A,NEMA 5-20R,240V,30A,J1772,US City of Austin Texas,1501 Toomey Rd,,,Austin,Texas,78704,Travis County,United States,2,Disabled,Municipal,Municipal Fleet
COA FLEET - PIE / TOOMEY #2,"(30.263716, -97.759239)",120V,16A,NEMA 5-20R,240V,30A,J1772,US City of Austin Texas,1501-1615 Toomey Rd,,,Austin,Texas,78704,Travis County,United States,2,Disabled,Municipal,Municipal Fleet
DEVLOPER / TRAMMELL CROW 1,"(30.265913, -97.749044)",240V,30A,J1772,240V,30A,J1772,Trammell Crow- Austin,500 W 2nd St,,,Austin,Texas,78701,Travis County,United States,2,Disabled,Workplace,General
DEVLOPER / TRAMMELL CROW 2,"(30.265895, -97.749109)",240V,30A,J1772,240V,30A,J1772,Trammell Crow- Austin,500 W 2nd St,,,Austin,Texas,78701,Travis County,United States,2,Disabled,Workplace,General
DEVLOPER / TRAMMELL CROW 3,"(30.265932, -97.749109)",240V,30A,J1772,240V,30A,J1772,Trammell Crow- Austin,500 W 2nd St,,,Austin,Texas,78701,Travis County,United States,2,Disabled,Workplace,General
DEVLOPER / TRAMMELL CROW 4,"(30.265914, -97.749008)",240V,30A,J1772,240V,30A,J1772,Trammell Crow- Austin,500 W 2nd St,,,Austin,Texas,78701,Travis County,United States,2,Disabled,Workplace,General
DEVLOPER / TRAMMELL CROW 6,"(30.265909, -97.748953)",240V,30A,J1772,240V,30A,J1772,Trammell Crow- Austin,500 W 2nd St,,,Austin,Texas,78701,Travis County,United States,2,Disabled,Workplace,General
DEVLOPER / TRAMMELLCROW5,"(30.265885, -97.748891)",240V,30A,J1772,240V,30A,J1772,Trammell Crow- Austin,San Antonio St,2nd street,,Austin,Texas,78701,Travis County,United States,2,Disabled,Workplace,General
DOMAINTOWER / DTLVL1 1,"(30.401181, -97.719499)",240V,30A,J1772,--,--,--,"HPI Real Estate Management, Inc",10721 domain Dr,,1,Austin,Texas,78758,Travis County,United States,2,Disabled,Workplace,General
ENDEAVOR REG / BLUE GARAGE #1,"(30.401174, -97.719445)",240V,30A,J1772,--,--,--,Endeavor Real Estate Group,11811 Domain Dr,,,Austin,Texas,78758,Travis County,United States,2,Disabled,Parking,Commercial
ENDEAVOR REG / BLUE GARAGE #2,"(30.401844, -97.718785)",240V,30A,J1772,240V,30A,J1772,Endeavor Real Estate Group,11811 Domain Dr,,,Austin,Texas,78758,Travis County,United States,2,Disabled,Parking,Commercial
ENDEAVOR REG / BLUE GARAGE #3,"(30.40175, -97.720173)",240V,30A,J1772,240V,30A,J1772,Endeavor Real Estate Group,11811 Domain Dr,,,Austin,Texas,78758,Travis County,United States,2,Disabled,Parking,Commercial
ENDEAVOR REG / BLUE GARAGE #4,"(30.393684, -97.723166)",240V,30A,J1772,240V,30A,J1772,Endeavor Real Estate Group,11811 Domain Dr,,,Austin,Texas,78758,Travis County,United States,2,Disabled,Parking,Commercial
ENDEAVOR REG / BLUE GARAGE #5,"(30.403697, -97.722512)",240V,30A,J1772,240V,30A,J1772,Endeavor Real Estate Group,11811 Domain Dr,,,Austin,Texas,78758,Travis County,United States,2,Disabled,Parking,Commercial
ENDEAVOR REG / BLUE GARAGE #6,"(30.403745, -97.7225)",240V,30A,J1772,240V,30A,J1772,Endeavor Real Estate Group,11811 Domain Dr,,,Austin,Texas,78758,Travis County,United States,2,Disabled,Parking,Commercial
ENDEAVOR REG / BLUE GARAGE #7,"(30.403779, -97.722489)",240V,30A,J1772,240V,30A,J1772,Endeavor Real Estate Group,11811 Domain Dr,,1,Austin,Texas,78758,Travis County,United States,2,Disabled,Parking,Commercial
ENDEAVOR REG / ENDEAVOR STAT1,"(30.403822, -97.722477)",240V,30A,J1772,240V,30A,J1772,Endeavor Real Estate Group,2110 E 4th St,,,Austin,Texas,78702,Travis County,United States,2,Disabled,Parking,Commercial
DOMAIN / LEFT STATION,"(30.403862, -97.72246)",240V,30A,J1772,240V,30A,J1772,Endeavor Real Estate Group,11501 Alterra Pkwy,,,Austin,Texas,78758,Travis County,United States,1,Disabled,Parking,Commercial
ENDEAVOR REG / NORDSTROM L1 #1,"(30.403736, -97.722504)",240V,30A,J1772,240V,30A,J1772,Endeavor Real Estate Group,11501 Alterra Pkwy,,,Austin,Texas,78758,Travis County,United States,2,Disabled,Parking,Commercial
ENDEAVOR REG / NORDSTROM L1 #2,"(30.403664, -97.722523)",240V,30A,J1772,240V,30A,J1772,Endeavor Real Estate Group,11501 Alterra Pkwy,,,Austin,Texas,78758,Travis County,United States,2,Disabled,Parking,Commercial
ENDEAVOR REG / NORDSTROM L1 #3,"(30.258756, -97.720097)",240V,30A,J1772,240V,30A,J1772,Endeavor Real Estate Group,11501 Alterra Pkwy,,,Austin,Texas,78758,Travis County,United States,2,Disabled,Parking,Commercial
ENDEAVOR REG / NORDSTROM L2 #1,"(30.401522, -97.720071)",240V,30A,J1772,240V,30A,J1772,Endeavor Real Estate Group,11501 Alterra Pkwy,,L2,Austin,Texas,78758,Travis County,United States,2,Disabled,Parking,Commercial
ENDEAVOR REG / NORDSTROM L2 #2,"(30.401589, -97.720053)",240V,30A,J1772,240V,30A,J1772,Endeavor Real Estate Group,11501 Alterra Pkwy,,,Austin,Texas,78758,Travis County,United States,2,Disabled,Parking,Commercial
ENDEAVOR REG / NORDSTROM L2 #3,"(30.401656, -97.720026)",240V,30A,J1772,240V,30A,J1772,Endeavor Real Estate Group,Alterra Pkwy,,,Austin,Texas,78758,Travis County,United States,2,Disabled,Parking,Commercial
ENDEAVOR REG / PALM WAY #1,"(30.401517, -97.719927)",240V,30A,J1772,240V,30A,J1772,Endeavor Real Estate Group,Palm Way,,L1,Austin,Texas,78758,Travis County,United States,2,Disabled,Parking,Commercial
ENDEAVOR REG / PALM WAY #2,"(30.40157, -97.719909)",240V,30A,J1772,240V,30A,J1772,Endeavor Real Estate Group,Palm Way,,,Austin,Texas,78758,Travis County,United States,2,Disabled,Parking,Commercial
ENDEAVOR REG / PALM WAY #3,"(30.401619, -97.719889)",240V,30A,J1772,240V,30A,J1772,Endeavor Real Estate Group,Palm Way,,,Austin,Texas,78758,Travis County,United States,2,Disabled,Parking,Commercial
ENDEAVOR REG / RED GARAGE #1,"(30.403636, -97.719927)",240V,30A,J1772,240V,30A,J1772,Endeavor Real Estate Group,11501 Domain Dr,,L1,Austin,Texas,78758,Travis County,United States,2,Disabled,Parking,Commercial
ENDEAVOR REG / RED GARAGE #2,"(30.403631, -97.719901)",240V,30A,J1772,240V,30A,J1772,Endeavor Real Estate Group,11501 Domain Dr,,,Austin,Texas,78758,Travis County,United States,2,Disabled,Parking,Commercial
ENDEAVOR REG / RED GARAGE #3,"(30.403626, -97.719878)",240V,30A,J1772,240V,30A,J1772,Endeavor Real Estate Group,11501 Domain Dr,,,Austin,Texas,78758,Travis County,United States,2,Disabled,Parking,Commercial
ENDEAVOR REG / RED GARAGE #4,"(30.402172, -97.723338)",240V,30A,J1772,240V,30A,J1772,Endeavor Real Estate Group,11501 Domain Dr,,,Austin,Texas,78758,Travis County,United States,2,Disabled,Parking,Commercial
DOMAIN / RIGHT STATION,"(30.402165, -97.723231)",240V,30A,J1772,240V,30A,J1772,Endeavor Real Estate Group,11501 Alterra Pkwy,,,Austin,Texas,78758,Travis County,United States,1,Disabled,Parking,Commercial
DOMAIN / STATION 1,"(30.402156, -97.723219)",240V,30A,J1772,240V,30A,J1772,Endeavor Real Estate Group,11616-11876 Farm to Market Rd 1325,,,Austin,Texas,78758,Travis County,United States,2,Disabled,Parking,Commercial
DOMAIN / STATION 2,"(30.402146, -97.72321)",240V,30A,J1772,240V,30A,J1772,Endeavor Real Estate Group,Alterra Pkwy,,,Austin,Texas,78758,Travis County,United States,2,Disabled,Parking,Commercial
GAINESRANCH / GAINES 1,"(30.244044, -97.818364)",240V,30A,J1772,240V,30A,J1772,Camden Gaines Ranch,4424 Gaines Ranch Loop,,,Austin,Texas,78735,Travis County,United States,2,Disabled,Multifamily,Apartment
GALLERIA OAKS / GALLERIA OAKS 1,"(30.313121, -97.946493)",240V,30A,J1772,240V,30A,J1772,RMR Real Estate Services,3927 Ranch Rd 620 S,,1,Austin,Texas,78738,Travis County,United States,2,Disabled,Workplace,General
GALLERIA OAKS / GALLERIA OAKS 2,"(30.313186, -97.946482)",240V,30A,J1772,240V,30A,J1772,RMR Real Estate Services,3927 Ranch Rd 620 S,,1,Austin,Texas,78738,Travis County,United States,2,Disabled,Workplace,General
GALLERY DOMAIN / GALLERY DOMAIN,"(30.396207, -97.722102)",240V,30A,J1772,240V,30A,J1772,Domain Parkside Apartments,11100 Alterra Pkwy,,,Austin,Texas,78758,Travis County,United States,2,Disabled,Multifamily,Apartment
GARAGE 1 / GARAGE ONE,"(30.211727, -97.772285)",240V,30A,J1772,240V,30A,J1772,SUR512,5010 S Congress Ave,,1,Austin,Texas,78745,,United States,2,Disabled,Multifamily,Apartment
GPT / GABLES 1,"(30.268637, -97.754851)",240V,30A,J1772,240V,30A,J1772,Gables Park Tower,898-900 W 3rd St,,,Austin,Texas,78701,Travis County,United States,2,Disabled,Multifamily,Apartment
GPT / GPT 2,"(30.268498, -97.754605)",240V,30A,J1772,240V,30A,J1772,Gables Park Tower,830 W 3rd St,,,Austin,Texas,78701,Travis County,United States,2,Disabled,Multifamily,Apartment
GPT / GPT 3,"(30.268396, -97.754401)",240V,30A,J1772,240V,30A,J1772,Gables Park Tower,787-799 W 3rd St,,,Austin,Texas,78701,Travis County,United States,2,Disabled,Multifamily,Apartment
HABITAT SUITES / DUAL PORT,"(30.329139, -97.709555)",240V,30A,J1772,240V,30A,J1772,Habitat Suites Hotel,500 E Highland Mall Blvd,,,Austin,Texas,78752,Travis County,United States,2,Disabled,Hospitality,Hotel / Resort
HABITAT SUITES / SINGLE PORT,"(30.329076, -97.709553)",240V,30A,J1772,--,--,--,Habitat Suites Hotel,500 E Highland Mall Blvd,,,Austin,Texas,78752,Travis County,United States,1,Disabled,Hospitality,Hotel / Resort
HANOVER / L1,"(30.265311, -97.74952)",240V,30A,J1772,--,--,--,Hanover- Green Water Block 1,110 San Antonio St,,L1,Austin,Texas,78701,,United States,1,Disabled,Multifamily,Apartment
HANOVER / L2,"(30.265147, -97.749142)",240V,30A,J1772,--,--,--,Hanover- Green Water Block 1,100-110 San Antonio St,,L2,Austin,Texas,78701,Travis County,United States,1,Disabled,Multifamily,Apartment
HANOVER / L3,"(30.265425, -97.749045)",240V,30A,J1772,--,--,--,Hanover- Green Water Block 1,110 San Antonio St,,L3 south ,Austin,Texas,78701,Travis County,United States,1,Disabled,Multifamily,Apartment
HANOVER / L4,"(30.265222, -97.749115)",240V,30A,J1772,--,--,--,Hanover- Green Water Block 1,110 San Antonio St,,L4 south,Austin,Texas,78701,Travis County,United States,1,Disabled,Multifamily,Apartment
HANOVER / L5,"(30.265299, -97.749118)",240V,30A,J1772,--,--,--,Hanover- Green Water Block 1,110 San Antonio St,,L5,Austin,Texas,78701,Travis County,United States,1,Disabled,Multifamily,Apartment
HANOVER / L6,"(30.265239, -97.74912)",240V,30A,J1772,--,--,--,Hanover- Green Water Block 1,110 San Antonio St,,L5,Austin,Texas,78701,Travis County,United States,1,Disabled,Multifamily,Apartment
HANOVER / L7,"(30.265166, -97.749131)",240V,30A,J1772,--,--,--,Hanover- Green Water Block 1,110 San Antonio St,,L7,Austin,Texas,78701,Travis County,United States,1,Disabled,Multifamily,Apartment
HANOVER / LANTANA HILLS,"(30.24912, -97.862418)",240V,30A,J1772,240V,30A,J1772,Hanover- Green Water Block 1,6601Rialto Blvd,,,Austin,Texas,78735,Travis County,United States,2,Disabled,Multifamily,Apartment
HEB / HEB LAKEWAY #1,"(30.344323, -97.967673)",240V,30A,J1772,--,--,--,H-E-B Grocery- (Austin Energy),2000 Ranch Rd 620 S,,,Lakeway,Texas,78734,Travis County,United States,1,Disabled,Retail,Big Box / Superstore
HEB / HEB LAKEWAY #2,"(30.344254, -97.967587)",240V,30A,J1772,240V,30A,J1772,H-E-B Grocery- (Austin Energy),2000 Ranch Rd 620 S,,,Lakeway,Texas,78734,Travis County,United States,2,Disabled,Retail,Big Box / Superstore
HPE AUSTIN / TXN04 A,"(30.445476, -97.690074)",240V,30A,J1772,240V,30A,J1772,Hewlett Packard Enterprise,14231 Tandem Blvd,,,Austin,Texas,78728,Travis County,United States,2,Disabled,Workplace,High-Tech
HPE AUSTIN / TXN04 B,"(30.445485, -97.690128)",240V,30A,J1772,240V,30A,J1772,Hewlett Packard Enterprise,14231 Tandem Blvd,,,Austin,Texas,78728,Travis County,United States,2,Disabled,Workplace,High-Tech
HPI 3700 / 3900 SC #1,"(30.337898, -97.807867)",240V,30A,J1772,240V,30A,J1772,HPI Real Estate Company,3900 N Capital of Texas Hwy,,4th ,Austin,Texas,78746,Travis County,United States,2,Disabled,Workplace,General
HPI 3700 / 3900 SC #2,"(30.337882, -97.807765)",240V,30A,J1772,240V,30A,J1772,HPI Real Estate Company,3900 N Capital of Texas Hwy,,4th,Austin,Texas,78746,Travis County,United States,2,Disabled,Workplace,General
HPI 3700 / EV 1,"(30.33688, -97.806575)",240V,30A,J1772,--,--,--,HPI Real Estate Company,3700 N Capital of Texas Hwy,,,Austin,Texas,78746,Travis County,United States,1,Disabled,Workplace,General
HPI 3700 / EV 2,"(30.336797, -97.806151)",240V,30A,J1772,--,--,--,HPI Real Estate Company,3700 N Capital of Texas Hwy,,,Austin,Texas,78746,Travis County,United States,1,Disabled,Workplace,General
HPI 3700 / EV 3,"(30.336765, -97.806189)",240V,30A,J1772,--,--,--,HPI Real Estate Company,3700 N Capital of Texas Hwy,,,Austin,Texas,78746,Travis County,United States,1,Disabled,Workplace,General
HPI 3700 / EV 4,"(30.336723, -97.806259)",240V,30A,J1772,--,--,--,HPI Real Estate Company,3700 N Capital of Texas Hwy,,,Austin,Texas,78746,Travis County,United States,1,Disabled,Workplace,General
HPI 3700 / EV 5,"(30.336623, -97.807619)",240V,30A,J1772,--,--,--,HPI Real Estate Company,4339 N Capital of Texas Hwy,,,Austin,Texas,78746,Travis County,United States,1,Disabled,Workplace,General
HPI 3700 / EV 6,"(30.336616, -97.8076)",240V,30A,J1772,--,--,--,HPI Real Estate Company,4339 N Capital of Texas Hwy,,,Austin,Texas,78746,Travis County,United States,1,Disabled,Workplace,General
INT-BIO EV CHGR / INTBIO EV CHGR1,"(30.33089, -97.668908)",240V,30A,J1772,240V,30A,J1772,INTERNATIONAL BIOMEDICAL,8206 Cross Park Dr,,,Austin,Texas,78754,Travis County,United States,2,Disabled,Workplace,High-Tech
INT-BIO EV CHGR / INTBIO EV CHGR2,"(30.330901, -97.668947)",240V,30A,J1772,240V,30A,J1772,INTERNATIONAL BIOMEDICAL,8206 Cross Park Dr,,,Austin,Texas,78754,Travis County,United States,2,Disabled,Workplace,High-Tech
LADERA BEND / BUILDING 3,"(30.371215, -97.800887)",240V,30A,J1772,240V,30A,J1772,Ladera Bend,6585-6621 Jester Blvd,,,Austin,Texas,78750,Travis County,United States,2,Disabled,Workplace,High-Tech
LADERA BEND / GATED GARAGE 2,"(30.372159, -97.80166)",240V,30A,J1772,240V,30A,J1772,Ladera Bend,7300 Ranch Rd 2222,,M,Austin,Texas,78730,Travis County,United States,2,Disabled,Workplace,High-Tech
LADERA BEND / GATED GARAGE GW,"(30.372427, -97.801834)",240V,30A,J1772,240V,30A,J1772,Ladera Bend,7300 Ranch Rd 2222,,,Austin,Texas,78730,Travis County,United States,2,Disabled,Workplace,High-Tech
LAKELINE WEST / STATION 1,"(30.474919, -97.809793)",240V,30A,J1772,240V,30A,J1772,North American Properties,2800 S Lakeline Blvd,,,Cedar Park,Texas,78613,Williamson County,United States,2,Disabled,Workplace,General
LAMARHEIGHTS-AE / LAMAR 1,"(30.322464, -97.7292)",240V,30A,J1772,240V,30A,J1772,Camden Lamar Heights,5400 N Lamar Blvd,,,Austin,Texas,78751,Travis County,United States,2,Disabled,Multifamily,Apartment
LCPM / GARAGE 1,"(30.306188, -97.743433)",240V,30A,J1772,--,--,--,"Highland Resources, Inc.",3800 N Lamar Blvd,,1,Austin,Texas,78705,Travis County,United States,1,Disabled,Workplace,General
LEASING OFFICE / STATION 1,"(30.231128000000002, -97.889867)",240V,30A,J1772,240V,30A,J1772,Ocotillo Apartments,8000 US-290,,,Austin,Texas,78737,Travis County,United States,2,Disabled,Multifamily,Apartment
LIVESTRONG / 2201 E 6TH ST,"(30.25997, -97.718658)",240V,30A,J1772,--,--,--,LIVESTRONG Foundation,2201 E 6th St,,,Austin,Texas,78702,Travis County,United States,1,Disabled,Healthcare,Small Medical
MIRA VISTA / STATION 1,"(30.269525, -97.786972)",240V,30A,J1772,240V,30A,J1772,CLPF-Mira Vista LLC,2705 Bee Cave Rd,,P1,Austin,Texas,78746,Travis County,United States,2,Disabled,Workplace,General
MONOGRAM / HANDICAP,"(30.270571, -97.748993)",240V,30A,J1772,--,--,--,Monogram Residential (Austin Energy Area),615 W 7th St,,,Austin,Texas,78701,Travis County,United States,1,Disabled,Multifamily,Apartment
MONOGRAM / PARKING 2-3,"(30.270562, -97.748959)",240V,30A,J1772,240V,30A,J1772,Monogram Residential (Austin Energy Area),615 W 7th St,,,Austin,Texas,78701,Travis County,United States,2,Disabled,Multifamily,Apartment
MONOGRAM / PARKING 4-5,"(30.270567, -97.748906)",240V,30A,J1772,240V,30A,J1772,Monogram Residential (Austin Energy Area),615 W 7th St,,,Austin,Texas,78701,Travis County,United States,2,Disabled,Multifamily,Apartment
MUELLER MARKET / MUELLER 1,"(30.301411, -97.699019)",240V,30A,J1772,--,--,--,"Mueller Market Retail , LLC",Garcia Street,,,Austin,Texas,78723,Travis County,United States,1,Disabled,Retail,Shopping Center
MUELLER MARKET / MUELLER 2,"(30.302981, -97.698722)",240V,30A,J1772,--,--,--,"Mueller Market Retail , LLC",1801 E 51st St,,,Austin,Texas,78723,Travis County,United States,1,Disabled,Retail,Shopping Center
MUELLER MARKET / MUELLER 3,"(30.301581, -97.699416)",240V,30A,J1772,--,--,--,"Mueller Market Retail , LLC",1801 E 51st St,,,Austin,Texas,78723,Travis County,United States,1,Disabled,Retail,Shopping Center
MUELLER MARKET / MUELLER 4,"(30.301615, -97.69867)",240V,30A,J1772,--,--,--,"Mueller Market Retail , LLC",Garcia St,,,Austin,Texas,78723,Travis County,United States,1,Disabled,Retail,Shopping Center
MUELLER MARKET / MUELLER 5,"(30.302555, -97.69899)",240V,30A,J1772,--,--,--,"Mueller Market Retail , LLC",1801 E 51st St,,,Austin,Texas,78723,Travis County,United States,1,Disabled,Retail,Shopping Center
MUELLER MARKET / MUELLER 6,"(30.301591, -97.699535)",240V,30A,J1772,--,--,--,"Mueller Market Retail , LLC",1801 E 51st St,,,Austin,Texas,78723,Travis County,United States,1,Disabled,Retail,Shopping Center
MUELLER MARKET / MUELLER ST2,"(30.301649, -97.698956)",240V,30A,J1772,--,--,--,"Mueller Market Retail , LLC",1801 E 51st St,,,Austin,Texas,78723,Travis County,United States,1,Disabled,Retail,Shopping Center
MUELLER MARKET / MUELLERST1,"(30.302909, -97.69916)",240V,30A,J1772,--,--,--,"Mueller Market Retail , LLC",1801 E 51st St,,,Austin,Texas,78723,Travis County,United States,1,Disabled,Retail,Shopping Center
NATIONAL INSTRU / 1&2,"(30.408792, -97.725312)",240V,30A,J1772,240V,30A,J1772,National Instruments,11500 N Mopac Expy,,2nd,Austin,Texas,78759,Travis County,United States,2,Disabled,Workplace,High-Tech
NATIONAL INSTRU / 11&12;,"(30.408722, -97.725271)",240V,30A,J1772,240V,30A,J1772,National Instruments,11500 N Mopac Expy,,1st,Austin,Texas,78759,Travis County,United States,2,Disabled,Workplace,High-Tech
NATIONAL INSTRU / 13&14;,"(30.408775, -97.725228)",240V,30A,J1772,240V,30A,J1772,National Instruments,11500 N Mopac Expy,,1st,Austin,Texas,78759,Travis County,United States,2,Disabled,Workplace,High-Tech
NATIONAL INSTRU / 15&16;,"(30.408822, -97.725196)",240V,30A,J1772,240V,30A,J1772,National Instruments,11500 N Mopac Expy,,1st,Austin,Texas,78759,Travis County,United States,2,Disabled,Workplace,High-Tech
NATIONAL INSTRU / 17&18;,"(30.408534, -97.727744)",240V,30A,J1772,240V,30A,J1772,National Instruments,11500 N Mopac Expy,,1st,Austin,Texas,78759,Travis County,United States,2,Disabled,Workplace,High-Tech
NATIONAL INSTRU / 19&20;,"(30.40854, -97.72767)",240V,30A,J1772,240V,30A,J1772,National Instruments,11500 N Mopac Expy,,1st,Austin,Texas,78759,Travis County,United States,2,Disabled,Workplace,High-Tech
NATIONAL INSTRU / 3&4,"(30.408744, -97.725343)",240V,30A,J1772,240V,30A,J1772,National Instruments,11500 N Mopac Expy,,2nd,Austin,Texas,78759,Travis County,United States,2,Disabled,Workplace,High-Tech
NATIONAL INSTRU / 5&6,"(30.408705, -97.725377)",240V,30A,J1772,240V,30A,J1772,National Instruments,11500 N Mopac Expy,,2nd,Austin,Texas,78759,Travis County,United States,2,Disabled,Workplace,High-Tech
NATIONAL INSTRU / 7&8,"(30.408505, -97.727699)",240V,30A,J1772,240V,30A,J1772,National Instruments,11500 N Mopac Expy,,2nd,Austin,Texas,78759,Travis County,United States,2,Disabled,Workplace,High-Tech
NATIONAL INSTRU / 9&10;,"(30.408686, -97.725307)",240V,30A,J1772,240V,30A,J1772,National Instruments,11500 N Mopac Expy,,1st,Austin,Texas,78759,Travis County,United States,2,Disabled,Workplace,High-Tech
NEIGHBORHOOD HO / 912 E11TH STAT1,"(30.270014, -97.730825)",120V,16A,NEMA 5-20R,240V,30A,J1772,Neighborhood Housing & Community Development,912 E 11th St,,,Austin,Texas,78702,Travis County,United States,2,Disabled,Municipal,Municipal Parking
NISSAN-TOWN NOR / QUICK CHARGER 1,"(30.374418, -97.732155)",500V,100A,CHAdeMO,--,--,--,NNA DL - Town North Nissan,9160 Research Blvd,,,Austin,Texas,78758,Travis County,United States,1,Disabled,Retail,Auto Dealership
NORTHPOINTCENTR / NORTHPOINT,"(30.351629, -97.752035)",240V,30A,J1772,240V,30A,J1772,Northpoint Centre,6834 Austin Center Blvd,,,Austin,Texas,78731,Travis County,United States,2,Disabled,Workplace,General
OPHTHALMOLOGY / AUSTIN EYE STA1,"(30.296713, -97.719788)",240V,30A,J1772,240V,30A,J1772,Austin Eye,1009 E 40th St,,,Austin,Texas,78751,Travis County,United States,2,Disabled,Workplace,General
PARKING LEVEL 1 / GATEWAY 1 MAIN,"(30.3987, -97.724056)",240V,30A,J1772,240V,30A,J1772,The Kenzie at the Domain,11301 Domain Dr,,2nd,Austin,Texas,78758,Travis County,United States,2,Disabled,Multifamily,Apartment
PARKING LEVEL 1 / KENZIE 2,"(30.399504, -97.723519)",240V,30A,J1772,240V,30A,J1772,The Kenzie at the Domain,11301 Domain Dr,,2,Austin,Texas,78758,Travis County,United States,2,Disabled,Multifamily,Apartment
PLUGNEVERYWHERE / ACCSOAUSTIN1,"(30.216026, -97.796371)",120V,16A,NEMA 5-20R,240V,30A,J1772,AUSTIN ENERGY,1820 W Stassney Ln,,,Austin,Texas,78745,Travis County,United States,2,Disabled,Education,University / College
PLUGNEVERYWHERE / ERCOT 1,"(30.2165, -97.691795)",120V,16A,NEMA 5-20R,240V,30A,J1772,AUSTIN ENERGY,7620 Metro Center Dr,,,Austin,Texas,78744,Travis County,United States,2,Disabled,Workplace,General
PLUGNEVERYWHERE / ERCOT 2,"(30.216521, -97.691645)",120V,16A,NEMA 5-20R,240V,30A,J1772,AUSTIN ENERGY,7620 Metro Center Dr,,,Austin,Texas,78744,Travis County,United States,2,Disabled,Workplace,General
PLUGNEVERYWHERE / ERCOT 3,"(30.216505, -97.691533)",120V,16A,NEMA 5-20R,240V,30A,J1772,AUSTIN ENERGY,7615-7639 Metro Center Dr,,,Austin,Texas,78744,Travis County,United States,2,Disabled,Workplace,General
PLUGNEVERYWHERE / HEB 6EA1,"(30.299752, -97.720467)",240V,30A,J1772,--,--,--,AUSTIN ENERGY,1000 E 41st St,,,Austin,Texas,78751,Travis County,United States,1,Disabled,Retail,Big Box / Superstore
PLUGNEVERYWHERE / PALMER STATION4,"(30.259888, -97.752644)",120V,16A,NEMA 5-20R,240V,30A,J1772,AUSTIN ENERGY,846-888 Barton Springs Rd,,,Austin,Texas,78704,Travis County,United States,2,Disabled,Parking,Municipal Parking
PLUGNEVERYWHERE / PALMER STATION5,"(30.259881, -97.752744)",120V,16A,NEMA 5-20R,240V,30A,J1772,AUSTIN ENERGY,846-888 Barton Springs Rd,,,Austin,Texas,78704,Travis County,United States,2,Disabled,Parking,Municipal Parking
PLUGNEVERYWHERE / PALMER STATION6,"(30.259925, -97.752708)",120V,16A,NEMA 5-20R,240V,30A,J1772,AUSTIN ENERGY,846-888 Barton Springs Rd,,,Austin,Texas,78704,Travis County,United States,2,Disabled,Parking,Municipal Parking
PLUGNEVERYWHERE / PALMER STATION7,"(30.259888, -97.752687)",120V,16A,NEMA 5-20R,240V,30A,J1772,AUSTIN ENERGY,846-888 Barton Springs Rd,,,Austin,Texas,78704,Travis County,United States,2,Disabled,Parking,Municipal Parking
PLUGNEVERYWHERE / PALMER STATION8,"(30.2599, -97.752776)",120V,16A,NEMA 5-20R,240V,30A,J1772,AUSTIN ENERGY,900 Barton Springs Rd,,,Austin,Texas,78704,Travis County,United States,2,Disabled,Parking,Municipal Parking
PLUGNEVERYWHERE / PALMER STATION9,"(30.25989, -97.752711)",120V,16A,NEMA 5-20R,240V,30A,J1772,AUSTIN ENERGY,900 Barton Springs Rd,,,Austin,Texas,78704,Travis County,United States,2,Disabled,Parking,Municipal Parking
PLUGNEVERYWHERE / PUB CAMP MABRY1,"(30.316576, -97.757643)",120V,16A,NEMA 5-20R,240V,30A,J1772,AUSTIN ENERGY,Camp Mabry 1 Mile Track,,,Austin,Texas,78703,Travis County,United States,2,Disabled,Parking,General
PLUGNEVERYWHERE / PUB CAMP MABRY2,"(30.31659, -97.757581)",120V,16A,NEMA 5-20R,240V,30A,J1772,AUSTIN ENERGY,Camp Mabry 1 Mile Track,,,Austin,Texas,78703,Travis County,United States,2,Disabled,Parking,General
PLUGNEVERYWHERE / PUB LOCKHART 1,"(30.168498, -97.795821)",120V,16A,NEMA 5-20R,240V,30A,J1772,AUSTIN ENERGY,319 W Slaughter Ln,,,Austin,Texas,78748,Travis County,United States,2,Disabled,Retail,General
PLUGNEVERYWHERE / PUB M STATION 1,"(30.283607, -97.708234)",120V,16A,NEMA 5-20R,240V,30A,J1772,AUSTIN ENERGY,2906 E Martin Luther King Jr Blvd,,,Austin,Texas,78722,Travis County,United States,2,Disabled,Multifamily,Apartment
PLUGNEVERYWHERE / PUB UTANTONIO 1,"(30.2885, -97.742343)",120V,16A,NEMA 5-20R,240V,30A,J1772,AUSTIN ENERGY,2418-2422 San Antonio St,,,Austin,Texas,78705,Travis County,United States,2,Disabled,Education,University / College
PLUGNEVERYWHERE / PUB UTANTONIO 2,"(30.288454, -97.742343)",120V,16A,NEMA 5-20R,240V,30A,J1772,AUSTIN ENERGY,2420 San Antonio St,,,Austin,Texas,78705,Travis County,United States,2,Disabled,Education,University / College
PLUGNEVERYWHERE / PUB UTPICKLE1,"(30.389653, -97.725036)",240V,30A,J1772,240V,30A,J1772,AUSTIN ENERGY,Rd A,,,Austin,Texas,78758,Travis County,United States,2,Disabled,Education,University / College
PLUGNEVERYWHERE / PUB UTPICKLE2,"(30.389602, -97.725084)",240V,30A,J1772,240V,30A,J1772,AUSTIN ENERGY,Rd A,,,Austin,Texas,78758,Travis County,United States,2,Disabled,Education,University / College
PLUGNEVERYWHERE / PUB-ACC EVIEW1,"(30.268135, -97.706108)",120V,16A,NEMA 5-20R,240V,30A,J1772,AUSTIN ENERGY,3401 Webberville Rd,,,Austin,Texas,78702,Travis County,United States,2,Disabled,Education,University / College
PLUGNEVERYWHERE / PUB-ACC EVIEW2,"(30.268106, -97.70613)",120V,16A,NEMA 5-20R,240V,30A,J1772,AUSTIN ENERGY,3401 Webberville Rd,,,Austin,Texas,78702,Travis County,United States,2,Disabled,Education,University / College
PLUGNEVERYWHERE / PUB-ACC NRIDGE1,"(30.40304, -97.703682)",120V,16A,NEMA 5-20R,240V,30A,J1772,AUSTIN ENERGY,11928 Stonehollow Dr,,,Austin,Texas,78758,Travis County,United States,2,Disabled,Education,University / College
PLUGNEVERYWHERE / PUB-ACC NRIDGE2,"(30.402954, -97.703636)",120V,16A,NEMA 5-20R,240V,30A,J1772,AUSTIN ENERGY,11928 Stonehollow Dr,,,Austin,Texas,78758,Travis County,United States,2,Disabled,Education,University / College
PLUGNEVERYWHERE / PUBACCHIGHLAND1,"(30.322672, -97.712753)",120V,16A,NEMA 5-20R,240V,30A,J1772,AUSTIN ENERGY,5930 Middle Fiskville Rd,,,Austin,Texas,78752,Travis County,United States,2,Disabled,Education,University / College
PLUGNEVERYWHERE / PUBACCHIGHLAND2,"(30.32288, -97.711792)",120V,16A,NEMA 5-20R,240V,30A,J1772,AUSTIN ENERGY,5930 Middle Fiskville Rd,,,Austin,Texas,78752,Travis County,United States,2,Disabled,Education,University / College
PLUGNEVERYWHERE / PUBACCPINNACLE1,"(30.231403, -97.883194)",120V,16A,NEMA 5-20R,240V,30A,J1772,AUSTIN ENERGY,7748 Hwy 290 W,,,Austin,Texas,78736,Travis County,United States,2,Disabled,Education,University / College
PLUGNEVERYWHERE / PUBACCPINNACLE2,"(30.23143, -97.883171)",120V,16A,NEMA 5-20R,240V,30A,J1772,AUSTIN ENERGY,7748 Hwy 290 W,,,Austin,Texas,78736,Travis County,United States,2,Disabled,Education,University / College
PLUGNEVERYWHERE / PUBACCRIOGRAND1,"(30.277252, -97.747261)",120V,16A,NEMA 5-20R,240V,30A,J1772,AUSTIN ENERGY,1212 Rio Grande St,,,Austin,Texas,78701,Travis County,United States,2,Disabled,Education,University / College
PLUGNEVERYWHERE / PUBACCRIOGRAND2,"(30.277239, -97.747215)",120V,16A,NEMA 5-20R,240V,30A,J1772,AUSTIN ENERGY,1212 Rio Grande St,,,Austin,Texas,78701,Travis County,United States,2,Disabled,Education,University / College
PLUGNEVERYWHERE / PUBACCRIVERSID1,"(30.235128, -97.705193)",120V,16A,NEMA 5-20R,240V,30A,J1772,AUSTIN ENERGY,1020 Grove Blvd,,,Austin,Texas,78741,Travis County,United States,2,Disabled,Education,University / College
PLUGNEVERYWHERE / PUBACCRIVERSID2,"(30.235104, -97.705184)",120V,16A,NEMA 5-20R,240V,30A,J1772,AUSTIN ENERGY,1230-1290 Grove Blvd,,,Austin,Texas,78741,Travis County,United States,2,Disabled,Education,University / College
PLUGNEVERYWHERE / PUBACCSOAUSTIN2,"(30.21609, -97.796324)",120V,16A,NEMA 5-20R,240V,30A,J1772,AUSTIN ENERGY,5517 Manchaca Rd,,,Austin,Texas,78745,Travis County,United States,2,Disabled,Education,University / College
PLUGNEVERYWHERE / PUBACCSVSCTRST1,"(30.339029, -97.662231)",120V,16A,NEMA 5-20R,240V,30A,J1772,AUSTIN ENERGY,9101 Tuscany Way,,,Austin,Texas,78754,Travis County,United States,2,Disabled,Education,University / College
PLUGNEVERYWHERE / PUBACCSVSCTRST2,"(30.338486, -97.662247)",120V,16A,NEMA 5-20R,240V,30A,J1772,AUSTIN ENERGY,9101 Tuscany Way,,,Austin,Texas,78754,Travis County,United States,2,Disabled,Education,University / College
PLUGNEVERYWHERE / PUBAISDBURGERC,"(30.228455, -97.809379)",120V,16A,NEMA 5-20R,240V,30A,J1772,AUSTIN ENERGY,3200 Jones Rd,,,Sunset Valley,Texas,78745,Travis County,United States,2,Disabled,Parking,High School / Other
PLUGNEVERYWHERE / PUBAMLI1,"(30.265999, -97.748375)",120V,16A,NEMA 5-20R,240V,30A,J1772,AUSTIN ENERGY,263-299 San Antonio St,,,Austin,Texas,78701,Travis County,United States,2,Disabled,Multifamily,Apartment
PLUGNEVERYWHERE / PUB-CENTRALMKTN,"(30.308495, -97.740775)",240V,30A,J1772,--,--,--,AUSTIN ENERGY,4001 N Lamar Blvd,,,Austin,Texas,78705,Travis County,United States,1,Disabled,Retail,Shopping Center
PLUGNEVERYWHERE / PUB-CENTRALMKTS,"(30.232234, -97.798404)",240V,30A,J1772,--,--,--,AUSTIN ENERGY,4465-4475 S Lamar Blvd,,,Austin,Texas,78745,Travis County,United States,1,Disabled,Retail,Shopping Center
PLUGNEVERYWHERE / PUBCHASEESCAL1,"(30.27567, -97.817127)",120V,16A,NEMA 5-20R,240V,30A,J1772,AUSTIN ENERGY,4301 Westbank Dr,,,Austin,Texas,78746,Travis County,United States,2,Disabled,Retail,Commercial
PLUGNEVERYWHERE / PUB-DELL1,"(30.302507, -97.70694)",120V,16A,NEMA 5-20R,240V,30A,J1772,AUSTIN ENERGY,4900 Mueller Blvd,,,Austin,Texas,78722,Travis County,United States,2,Disabled,Workplace,High-Tech
PLUGNEVERYWHERE / PUB-DELL2,"(30.302489, -97.70692)",120V,16A,NEMA 5-20R,240V,30A,J1772,AUSTIN ENERGY,1345 Philomena St,,,Austin,Texas,78723,Travis County,United States,2,Disabled,Workplace,High-Tech
PLUGNEVERYWHERE / PUB-DELL3,"(30.302517, -97.706963)",120V,16A,NEMA 5-20R,240V,30A,J1772,AUSTIN ENERGY,4900 Mueller Blvd,,,Austin,Texas,78722,Travis County,United States,2,Disabled,Workplace,High-Tech
PLUGNEVERYWHERE / PUBDENNYSNORTH1,"(30.276489, -97.729614)",120V,16A,NEMA 5-20R,240V,30A,J1772,AUSTIN ENERGY,1601 N Interstate 35,,,Austin,Texas,78702,Travis County,United States,2,Disabled,Retail,General
PLUGNEVERYWHERE / PUBDENNYSNORTH2,"(30.27652, -97.729645)",120V,16A,NEMA 5-20R,240V,30A,J1772,AUSTIN ENERGY,1601 N Interstate 35,,,Austin,Texas,78702,Travis County,United States,2,Disabled,Retail,General
PLUGNEVERYWHERE / PUBGABLES 5TH 1,"(30.273914, -97.764313)",120V,16A,NEMA 5-20R,240V,30A,J1772,AUSTIN ENERGY,1611 W 5th St,,,Austin,Texas,78703,Travis County,United States,2,Disabled,Multifamily,Apartment
PLUGNEVERYWHERE / PUBGABLES 5TH 2,"(30.273823, -97.764206)",120V,16A,NEMA 5-20R,240V,30A,J1772,AUSTIN ENERGY,1611 W 5th St,,,Austin,Texas,78703,Travis County,United States,2,Disabled,Multifamily,Apartment
PLUGNEVERYWHERE / PUBGABLESPARK 1,"(30.267687, -97.755051)",120V,16A,NEMA 5-20R,240V,30A,J1772,AUSTIN ENERGY,115 Sandra Muraida Way,,,Austin,Texas,78701,Travis County,United States,2,Disabled,Multifamily,Apartment
PLUGNEVERYWHERE / PUBGABLESPARK 2,"(30.267736, -97.754929)",120V,16A,NEMA 5-20R,240V,30A,J1772,AUSTIN ENERGY,115 Sandra Muraida Way,,,Austin,Texas,78703,Travis County,United States,2,Disabled,Multifamily,Apartment
PLUGNEVERYWHERE / PUBGABLESPRESS1,"(30.272982, -97.760445)",120V,16A,NEMA 5-20R,240V,30A,J1772,AUSTIN ENERGY,507 Pressler St,,,Austin,Texas,78703,Travis County,United States,2,Disabled,Multifamily,Apartment
PLUGNEVERYWHERE / PUBGABLESPRESS2,"(30.27289, -97.760269)",120V,16A,NEMA 5-20R,240V,30A,J1772,AUSTIN ENERGY,507 Pressler St,,,Austin,Texas,78703,Travis County,United States,2,Disabled,Multifamily,Apartment
PLUGNEVERYWHERE / PUBHARCON L2,"(30.373046, -97.806478)",240V,30A,J1772,240V,30A,J1772,AUSTIN ENERGY,6601 Vaught Ranch Rd,,,Austin,Texas,78730,Travis County,United States,2,Disabled,Workplace,General
PLUGNEVERYWHERE / PUBHEBBRODIEST1,"(30.21613, -97.829525)",240V,30A,J1772,--,--,--,AUSTIN ENERGY,6900 Brodie Ln,,,Austin,Texas,78745,Travis County,United States,1,Disabled,Retail,Big Box / Superstore
PLUGNEVERYWHERE / PUB-HEBCONGRESS,"(30.238693, -97.753968)",240V,30A,J1772,--,--,--,AUSTIN ENERGY,2400-2424 S Congress Ave,,,Austin,Texas,78704,Travis County,United States,1,Disabled,Retail,Big Box / Superstore
PLUGNEVERYWHERE / PUBHILL.CGAL1,"(30.309265, -97.942333)",120V,16A,NEMA 5-20R,240V,30A,J1772,AUSTIN ENERGY,12901 Hill Country Blvd,,,Bee Cave,Texas,78738,Travis County,United States,2,Disabled,Retail,Shopping Center
PLUGNEVERYWHERE / PUBHILL.CGAL2,"(30.30783, -97.938626)",120V,16A,NEMA 5-20R,240V,30A,J1772,AUSTIN ENERGY,12701 Hill Country Blvd,,,Bee Cave,Texas,78738,Travis County,United States,2,Disabled,Retail,Shopping Center
PLUGNEVERYWHERE / PUBLIFEWORKSST1,"(30.264948, -97.708034)",120V,16A,NEMA 5-20R,240V,30A,J1772,AUSTIN ENERGY,835 N Pleasant Valley Rd,,,Austin,Texas,78702,Travis County,United States,2,Disabled,Workplace,General
PLUGNEVERYWHERE / PUBLIFEWORKSST2,"(30.264925, -97.708077)",120V,16A,NEMA 5-20R,240V,30A,J1772,AUSTIN ENERGY,835 N Pleasant Valley Rd,,,Austin,Texas,78702,Travis County,United States,2,Disabled,Workplace,General
PLUGNEVERYWHERE / PUBLOSTPARROTS1,"(30.382643, -97.933861)",120V,16A,NEMA 5-20R,240V,30A,J1772,AUSTIN ENERGY,15116 Storm Dr,,,Austin,Texas,78734,Travis County,United States,2,Disabled,Hospitality,Hotel / Resort
PLUGNEVERYWHERE / PUBPEARSON CTR1,"(30.417437, -97.664087)",120V,16A,NEMA 5-20R,240V,30A,J1772,AUSTIN ENERGY,400 Center Ridge Dr,,,Austin,Texas,78753,Travis County,United States,2,Disabled,Education,Small Medical
PLUGNEVERYWHERE / PUBPEARSONH LN1,"(30.416589, -97.666054)",120V,16A,NEMA 5-20R,240V,30A,J1772,AUSTIN ENERGY,Center Line Pass,,,Austin,Texas,78753,Travis County,United States,2,Disabled,Education,Small Medical
PLUGNEVERYWHERE / PUB-STDAVIDSST1,"(30.268719, -97.738899)",120V,16A,NEMA 5-20R,240V,30A,J1772,AUSTIN ENERGY,710 Trinity St,,,Austin,Texas,78701,Travis County,United States,2,Disabled,Healthcare,Small Medical
PLUGNEVERYWHERE / PUB-STDAVIDSST2,"(30.268694, -97.738907)",120V,16A,NEMA 5-20R,240V,30A,J1772,AUSTIN ENERGY,710 Trinity St,,,Austin,Texas,78701,Travis County,United States,2,Disabled,Healthcare,Small Medical
PLUGNEVERYWHERE / PUBWYNDHAMGARD1,"(30.222803, -97.746101)",120V,16A,NEMA 5-20R,240V,30A,J1772,AUSTIN ENERGY,3401 S I H 35,,,Austin,Texas,78741,Travis County,United States,2,Disabled,Hospitality,Hotel / Resort
PLUGNEVERYWHERE / SEAHOLMDC,"(30.266814, -97.754094)",500V,125A,Combo,--,--,--,AUSTIN ENERGY,811 1/2 Electric Drive,,,Austin,Texas,78701,Travis County,United States,1,Disabled,Parking,Municipal Parking
PLUGNEVERYWHERE / SEAHOLML2,"(30.266793, -97.754031)",240V,30A,J1772,240V,30A,J1772,AUSTIN ENERGY,811 1/2 Electric Drive,,,Austin,Texas,78703,,United States,2,Disabled,Parking,Municipal Parking
PRESIDIUM / ELEVATION,"(30.233914, -97.727254)",240V,30A,J1772,240V,30A,J1772,Presidium Group,1911 Willow Creek Dr,,,Austin,Texas,78741,Travis County,United States,2,Disabled,Multifamily,Apartment
PRESIDIUM / LAUREL,"(30.436594, -97.777617)",240V,30A,J1772,240V,30A,J1772,Presidium Group,8312 Fathom Cir,,,Austin,Texas,78750,Travis County,United States,2,Disabled,Multifamily,Apartment
PRESIDIUM / VIOLET,"(30.191582, -97.775626)",240V,30A,J1772,240V,30A,J1772,Presidium Group,409 E William Cannon Dr,,,Austin,Texas,78745,Travis County,United States,2,Disabled,Multifamily,Apartment
PRESIDIUM / VUE,"(30.333857, -97.691302)",240V,30A,J1772,240V,30A,J1772,Presidium Group,7607 Blessing Ave,,,Austin,Texas,78752,Travis County,United States,2,Disabled,Multifamily,Apartment
RAINEY STREET / MILLENNIUM 01,"(30.260803, -97.737765)",240V,30A,J1772,240V,30A,J1772,THE MILLENNIUM RAINEY,91 Rainey St,,L2,Austin,Texas,78701,,United States,2,Disabled,Multifamily,Apartment
RAINEY STREET / MILLENNIUM 02,"(30.260538, -97.738296)",240V,30A,J1772,240V,30A,J1772,THE MILLENNIUM RAINEY,92 Rainey St,,3,Austin,Texas,78701,Travis County,United States,2,Disabled,Multifamily,Apartment
ROSCOE PROPERTI / CURRENT MAIN,"(30.231758, -97.729473)",240V,30A,J1772,240V,30A,J1772,Roscoe Properties,2057-2105 Willow Creek Dr,,,Austin,Texas,78741,Travis County,United States,2,Disabled,Multifamily,Apartment
ROSCOE PROPERTI / MESH MAIN,"(30.240977, -97.726259)",240V,30A,J1772,240V,30A,J1772,Roscoe Properties,2100-2134 Elmont Dr,,,Austin,Texas,78741,Travis County,United States,2,Disabled,Multifamily,Apartment
ROSCOE PROPERTI / THE CONNECTION,"(30.227456, -97.726096)",240V,30A,J1772,240V,30A,J1772,Roscoe Properties,4404 E Oltorf St,,,Austin,Texas,78741,Travis County,United States,2,Disabled,Multifamily,Apartment
ROSCOE PROPERTI / TIMBERCREEK 1,"(30.256475, -97.751759)",240V,30A,J1772,240V,30A,J1772,Roscoe Properties,614 S 1st St,,,Austin,Texas,78704,Travis County,United States,2,Disabled,Multifamily,Apartment
ROSCOE PROPERTI / TRIO MAIN,"(30.228786, -97.726326)",240V,30A,J1772,240V,30A,J1772,Roscoe Properties,2413-2433 S Pleasant Valley Rd,,,Austin,Texas,78741,Travis County,United States,2,Disabled,Multifamily,Apartment
ROSCOE PROPERTI / VOLUME MAIN,"(30.28544, -97.715107)",240V,30A,J1772,240V,30A,J1772,Roscoe Properties,1715 E 32nd St,,,Austin,Texas,78722,Travis County,United States,2,Disabled,Multifamily,Apartment
RPP GARAGE / GARAGE 2,"(30.429442, -97.755212)",240V,30A,J1772,240V,30A,J1772,Research Park Plaza,12455 Research Park Loop,,,Austin,Texas,78727,Travis County,United States,2,Disabled,Workplace,General
RPP GARAGE / GARAGE GW,"(30.429363, -97.755248)",240V,30A,J1772,240V,30A,J1772,Research Park Plaza,12455 Research Park Loop,,,Austin,Texas,78727,Travis County,United States,2,Disabled,Workplace,General
RPP GARAGE / ISLAND 2,"(30.427967, -97.754411)",240V,30A,J1772,--,--,--,Research Park Plaza,12301 Research Blvd,,,Austin,Texas,78759,Travis County,United States,1,Disabled,Workplace,General
RPP GARAGE / ISLAND GW,"(30.428017, -97.754379)",240V,30A,J1772,240V,30A,J1772,Research Park Plaza,12301 Research Blvd,,,Austin,Texas,78759,,United States,2,Disabled,Workplace,General
SLEEP INN / SLEEP INN 1,"(30.329889, -97.661712)",240V,30A,J1772,240V,30A,J1772,Sleep Inn & Suites - Austin Northeast,8410 E Hwy 290,,,Austin,Texas,78754,Travis County,United States,2,Disabled,Hospitality,Hotel / Resort
SOLARWINDS / SOLARWINDS #1,"(30.251073, -97.86319)",240V,30A,J1772,240V,30A,J1772,"HPI Real Estate Management, Inc",7171 Southwest Parkway,P400 Garage,2nd,Austin,Texas,78735,Travis County,United States,2,Disabled,Workplace,High-Tech
SOLARWINDS / SOLARWINDS #2,"(30.250799, -97.862755)",240V,30A,J1772,240V,30A,J1772,"HPI Real Estate Management, Inc",7171 Southwest Pkwy,P400 Garage,,Austin,Texas,78735,Travis County,United States,2,Disabled,Workplace,High-Tech
SPRINGS AT TR / CLUBHOUSE,"(30.394787, -97.653242)",240V,30A,J1772,--,--,--,Springs at Tech Ridge,1304-1444 Farm to Market 734,,,Austin,Texas,78753,Travis County,United States,1,Disabled,Multifamily,Apartment
STATION 1 / #1,"(30.304182, -97.828161)",240V,30A,J1772,240V,30A,J1772,CapRidge Partners,115 Wild Basin Rd,,,Austin,Texas,78746,Travis County,United States,2,Disabled,Workplace,General
STATION 1 / @ THE DISTRICT,"(30.22894, -97.719683)",240V,30A,J1772,240V,30A,J1772,Hawthorne at the District,2303 Cromwell Cir,,,Austin,Texas,78741,Travis County,United States,2,Disabled,Multifamily,Apartment
STATION 1 / PLAZA 1,"(30.347873, -97.800826)",240V,30A,J1772,240V,30A,J1772,"Plaza on the Lake Acquisition, LLC",5001 Plaza on the Lake,,,Austin,Texas,78746,Travis County,United States,2,Disabled,Workplace,General
STATION1-PP / PELOTON GARAGE,"(30.386783, -97.768747)",240V,30A,J1772,240V,30A,J1772,Peloton Real Estate Partners-Austin,8310 N Capital of Texas Hwy,,1,Austin,Texas,78731,Travis County,United States,2,Disabled,Workplace,General
STEINER RANCH / EV CHARGER #1,"(30.383357, -97.873053)",240V,30A,J1772,240V,30A,J1772,Bell Steiner Ranch Apartments,4800 Steiner Ranch Blvd,,,Austin,Texas,78732,Travis County,United States,2,Disabled,Multifamily,Apartment
SUSTAINABLEFOOD / SUSTAINABLEFOOD,"(30.278611, -97.710364)",240V,30A,J1772,--,--,--,Sustainable Food Center,2921 E 17th St,,,Austin,Texas,78702,Travis County,United States,1,Disabled,Workplace,General
THE GROVE / MAIN STATION 1,"(30.236473, -97.782607)",240V,30A,J1772,240V,30A,J1772,The Grove,3707 Manchaca Rd,,,Austin,Texas,78704,Travis County,United States,2,Disabled,Multifamily,Apartment
THE MEDVE GROUP / ARTS S AUSTIN,"(30.221064, -97.770408)",240V,30A,J1772,240V,30A,J1772,Daniel Medve Properties,400 W St Elmo Rd,,,Austin,Texas,78745,Travis County,United States,2,Disabled,Multifamily,Apartment
THE MEDVE GROUP / BARTON HILLS,"(30.261911, -97.773946)",240V,30A,J1772,240V,30A,J1772,Daniel Medve Properties,1244-1298 Barton Hills Dr,,,Austin,Texas,78704,Travis County,United States,2,Disabled,Multifamily,Apartment
THE MEDVE GROUP / TURTLE CREEK,"(30.204478, -97.783736)",240V,30A,J1772,240V,30A,J1772,Daniel Medve Properties,5946 S 1st St,,,Austin,Texas,78745,Travis County,United States,2,Disabled,Multifamily,Apartment
THE PRESERVE / MAIN GATEWAY 1,"(30.246834, -97.846018)",240V,30A,J1772,240V,30A,J1772,The Preserve at Travis Creek,5604 Southwest Pkwy,,,Austin,Texas,78735,Travis County,United States,2,Disabled,Multifamily,Apartment
TIG REAL ESTATE / PIE-STATION 1,"(30.265768, -97.779681)",120V,16A,NEMA 5-20R,240V,30A,J1772,"TIG REAL ESTATE SERVICES, INC.",Frontage Rd,,,Austin,Texas,78746,Travis County,United States,2,Disabled,Workplace,General
W1 / W1,"(30.314723, -97.756396)",240V,30A,J1772,240V,30A,J1772,Westminster,4100 Jackson Ave,,,Austin,Texas,78731,Travis County,United States,2,Disabled,Workplace,General
WALLERCREEKSIDE / CREEKSIDE1,"(30.315229, -97.724395)",240V,30A,J1772,--,--,--,PIE-M- 51st Living LTD,102-104 E 50th St,,,Austin,Texas,78751,Travis County,United States,1,Disabled,Multifamily,Apartment
WHITLEY MAIN / PIE-M WHITLEY,"(30.265199, -97.742194)",240V,30A,J1772,240V,30A,J1772,Whitley,301 Brazos St,,,Austin,Texas,78701,Travis County,United States,2,Disabled,Multifamily,Apartment
WORKPLACE / PIE-P SUST FOOD,"(30.278064, -97.710187)",120V,16A,NEMA 5-20R,240V,30A,J1772,AUSTIN ENERGY,"2921 E 17th St, Bldg. C",,,Austin,Texas,78702,Travis County,United States,2,Disabled,Workplace,Commercial
YETI RAMBLERS / EVSE #1,"(30.256412, -97.871799)",240V,30A,J1772,240V,30A,J1772,Yeti Coolers,7601 Southwest Pkwy,,B1,Austin,Texas,78735,Travis County,United States,2,Disabled,Workplace,General
YETI RAMBLERS / EVSE #2,"(30.255806, -97.872517)",240V,30A,J1772,240V,30A,J1772,Yeti Coolers,7601 Southwest Pkwy,,B1 ml,Austin,Texas,78735,Travis County,United States,2,Disabled,Workplace,General
YETI RAMBLERS / EVSE #3,"(30.25183, -97.876086)",240V,30A,J1772,240V,30A,J1772,Yeti Coolers,7601 Southwest Pkwy,,,Austin,Texas,78735,Travis County,United States,2,Disabled,Workplace,General
YETI RAMBLERS / EVSE4,"(30.251792, -97.876256)",240V,30A,J1772,240V,30A,J1772,Yeti Coolers,7601 Southwest Pkwy,,B2,Austin,Texas,78735,Travis County,United States,2,Disabled,Workplace,General
